,index,pgid,year,quarter,lat,lon,iso3,wp_land_area,wp_pop_count,wp_pop_density,latbin,lonbin,ID,Severity,num_days,YEAR,num_days_multiply_pop_density,num_days_multiply_pop_density_log,boxcoxb,boxcoxb_log,num_days_multiply_pop_density_log_minmax,boxcoxb_log_minmax
502,502,98194,2023,4,-21.75,-43.25,BRA,2870.981888,665360.6323999551,231.75368510020886,-21.5,-43.5,5152.0,2.0,2.0,2022.0,463.5073702004177,6.140977425082627,5.8464398961748785,0.4774018761754988,0.4999051431728916,0.4774018761754988
503,503,98914,2023,4,-21.25,-43.25,BRA,2880.888064,96584.21833641968,33.52584904056157,-21.5,-43.5,5152.0,2.0,2.0,2022.0,67.05169808112313,4.220267682219253,3.5501660266056136,0.2686425239396908,0.2894131545121836,0.2686425239396908
506,506,98913,2023,4,-21.25,-43.75,BRA,2880.888064,247261.6903293068,85.82828795714944,-21.5,-43.5,5152.0,2.0,2.0,2022.0,171.65657591429888,5.1513045112328735,4.651589892162705,0.36877541129162017,0.3914461630828996,0.36877541129162017
613,613,98193,2023,4,-21.75,-43.75,BRA,2870.981888,40539.18313972215,14.12032005815362,-21.5,-43.5,5152.0,2.0,2.0,2022.0,28.24064011630724,3.375559526444529,2.5735143719891855,0.17985295511704844,0.1968409685233355,0.17985295511704844
619,619,99633,2023,4,-20.75,-43.75,BRA,2890.54208,280482.7040332398,97.03463788814304,-20.5,-43.5,5151.0,1.5,8.0,2022.0,776.2771031051443,6.655796918842505,6.476577546823284,0.5346890880852135,0.5563245888728262,0.5346890880852135
627,627,100353,2023,4,-20.25,-43.75,BRA,2899.997952,171802.46467390368,59.24227103519819,-20.5,-43.5,5151.0,1.5,8.0,2022.0,473.93816828158555,6.163184623522759,5.873506188368649,0.4798625328509398,0.5023388463285166,0.4798625328509398
638,638,99634,2023,4,-20.75,-43.25,BRA,2890.54208,83907.0142212479,29.028124102330278,-20.5,-43.5,5151.0,1.5,8.0,2022.0,232.22499281864222,5.45200362205548,5.012188915879267,0.4015582686003849,0.42439999905980164,0.4015582686003849
640,640,100354,2023,4,-20.25,-43.25,BRA,2899.997952,122414.30832294858,42.211860266496,-20.5,-43.5,5151.0,1.5,8.0,2022.0,337.694882131968,5.8250996493817455,5.462616616179813,0.4425076502006924,0.4652878661855434,0.4425076502006924
1293,1293,79447,2023,4,-34.75,-56.75,URY,998.271616,24149.242815076104,24.191054246178332,-34.5,-56.5,5150.0,1.5,2.0,2022.0,48.382108492356664,3.8995881823241283,3.1766269930483455,0.2346832616262489,0.2542696530505743,0.2346832616262489
1297,1297,79448,2023,4,-34.75,-56.25,URY,1896.439552,1651071.7758834555,870.6166110816569,-34.5,-56.5,5150.0,1.5,2.0,2022.0,1741.2332221633137,7.462923030289946,7.475105606891384,0.6254674894647475,0.6447781310750335,0.6254674894647475
1298,1298,80168,2023,4,-34.25,-56.25,URY,2555.087872,76164.15001505236,29.808818260107323,-34.5,-56.5,5150.0,1.5,2.0,2022.0,59.617636520214646,4.104585882420473,3.4150462933278978,0.2563584891966476,0.2767355012738581,0.2563584891966476
1300,1300,80167,2023,4,-34.25,-56.75,URY,2555.087872,48684.322260274086,19.053873956266848,-34.5,-56.5,5150.0,1.5,2.0,2022.0,38.107747912533696,3.666320603691733,2.9069889232821082,0.21016986645658994,0.2287056881158196,0.21016986645658994
2893,2893,112545,2023,4,-11.75,-67.75,BOL,3026.22592,3885.78385509131,1.284036274162674,-11.5,-67.5,5140.0,1.0,3.0,2021.0,3.852108822488022,1.5794134192078721,0.5951999310936716,0.0,0.0,0.0
2894,2894,112546,2023,4,-11.75,-67.25,BOL,3026.22592,11998.605128024326,3.9648742179910768,-11.5,-67.5,5140.0,1.0,3.0,2021.0,11.89462265397323,2.5568103759329195,1.6521211543491026,0.09608705340207074,0.10711364895003489,0.09608705340207074
2897,2897,113265,2023,4,-11.25,-67.75,BOL,3031.596032,5381.1012098362335,1.775006020932882,-11.5,-67.5,5140.0,1.0,3.0,2021.0,5.325018062798646,1.8445128903879484,0.8762588242549804,0.02555168756393765,0.029052445372827806,0.02555168756393765
3128,3128,113266,2023,4,-11.25,-67.25,BOL,3031.596032,8652.410979167236,2.8540778150639947,-11.5,-67.5,5140.0,1.0,3.0,2021.0,8.562233445191984,2.2578213237515357,1.3231315290872845,0.06617787663874272,0.07434721955315102,0.06617787663874272
3537,3537,111162,2023,4,-12.75,-39.25,BRA,3000.529408,336650.2739142542,112.19695864892327,-12.5,-39.5,5145.0,1.5,10.0,2021.0,1121.9695864892328,7.023731871993466,6.930219354282485,0.5759306712984685,0.5966468500964677,0.5759306712984685
3539,3539,111161,2023,4,-12.75,-39.75,BRA,3014.778112,51686.54896799141,17.14439572261012,-12.5,-39.5,5145.0,1.5,10.0,2021.0,171.4439572261012,5.150072298038849,4.65011684222613,0.3686414930536236,0.39131112393571577,0.3686414930536236
3540,3540,111881,2023,4,-12.25,-39.75,BRA,3020.64,58173.47533245849,19.25865887111953,-12.5,-39.5,5145.0,1.5,10.0,2021.0,192.5865887111953,5.265724899257004,4.788539963485965,0.3812258461273631,0.4039855772801869,0.3812258461273631
3541,3541,111882,2023,4,-12.25,-39.25,BRA,3019.8016,145589.99579784318,48.21177517021091,-12.5,-39.5,5145.0,1.5,10.0,2021.0,482.1177517021091,6.18026041628396,5.894325513668224,0.4817552639058559,0.5042101949743067,0.4817552639058559
6191,6191,141316,2023,4,8.25,-82.25,PAN,1635.025024,193551.57950954695,118.3783591495337,8.5,-82.5,10208.0,3.0,12.0,4042.0,1420.5403097944043,7.25949628791334,7.222275363508766,0.6024821310832241,0.6224844452598169,0.6024821310832241
6192,6192,141315,2023,4,8.25,-82.75,PAN,1475.41952,121001.66086739456,82.01169852178353,8.5,-82.5,10208.0,3.0,12.0,4042.0,984.1403822614024,6.8927841510794075,6.768464673514847,0.5612251943840375,0.5822961933727213,0.5612251943840375
6193,6193,142036,2023,4,8.75,-82.25,PAN,2934.603264,102386.07717562154,34.8892398613585,8.5,-82.5,10208.0,3.0,12.0,4042.0,418.67087833630194,6.0394707810756065,5.722859096494196,0.46616687148724634,0.48878095564861757,0.46616687148724634
6281,6281,134136,2023,4,3.25,-72.25,COL,3085.92,3684.361397413468,1.1939264133268095,3.5,-72.5,10218.0,2.0,8.0,4042.0,9.551411306614476,2.35625962411406,1.4309523066964145,0.07598010275363784,0.08513514504823283,0.07598010275363784
6282,6282,134135,2023,4,3.25,-72.75,COL,3085.92,4617.242556609721,1.4962288577181913,3.5,-72.5,10218.0,2.0,8.0,4042.0,11.96983086174553,2.5626259575143724,1.6585635991793812,0.09667275035547299,0.1077509827985495,0.09667275035547299
6494,6494,134855,2023,4,3.75,-72.75,COL,3084.233984,6166.195422237529,1.9992631733603026,3.5,-72.5,10218.0,2.0,8.0,4042.0,15.99410538688242,2.832866541979234,1.9596386022044983,0.12404414687696333,0.1373668465448537,0.12404414687696333
6495,6495,134856,2023,4,3.75,-72.25,COL,3084.233984,2647.8690817900715,0.8585175753611278,3.5,-72.5,10218.0,2.0,8.0,4042.0,6.868140602889023,2.062821770586896,1.1110744327327289,0.04689929551710703,0.05297707558106718,0.04689929551710703
6854,6854,138447,2023,4,6.25,-76.75,COL,3071.650304,27154.94738185904,8.84050744529643,6.5,-76.5,5139.0,1.5,4.0,2021.0,35.36202978118572,3.593525092316209,2.8232197590695614,0.2025542258790021,0.22072797466278948,0.2025542258790021
6856,6856,138448,2023,4,6.25,-76.25,COL,3072.504064,63489.58050828846,20.663790571405556,6.5,-76.5,5139.0,1.5,4.0,2021.0,82.65516228562223,4.426703138447046,3.79228625921529,0.29065421147949655,0.3120365674838329,0.29065421147949655
6857,6857,139168,2023,4,6.75,-76.25,COL,3069.413888,63272.38655537572,20.613833410587514,6.5,-76.5,5139.0,1.5,4.0,2021.0,82.45533364235006,4.424311562293698,3.789474111043101,0.29039855284983696,0.3117744729000875,0.29039855284983696
6860,6860,139167,2023,4,6.75,-76.75,COL,3066.856192,12499.805428037243,4.075771619368203,6.5,-76.5,5139.0,1.5,4.0,2021.0,16.303086477472814,2.8508848946931966,1.979827780881797,0.125879589904339,0.13934149102679294,0.125879589904339
6916,6916,142769,2023,4,9.25,-75.75,COL,2614.925824,333309.5152839494,127.46423329671832,9.5,-75.5,10240.0,2.0,42.0,4042.0,5353.497798462169,8.58569219668428,8.883609604052243,0.7535177129008583,0.7678232270451015,0.7535177129008583
6917,6917,142770,2023,4,9.25,-75.25,COL,3050.628096,578698.9178230622,189.69828494723933,9.5,-75.5,10240.0,2.0,42.0,4042.0,7967.327967784052,8.983229959032828,9.387293359632363,0.7993087206460837,0.8113896818284916,0.7993087206460837
6918,6918,143490,2023,4,9.75,-75.25,COL,3046.170112,166186.7721109911,54.555972253919585,9.5,-75.5,10240.0,2.0,42.0,4042.0,2291.3508346646227,7.737333135346134,7.817345747404862,0.6565812999685823,0.6748509356393302,0.6565812999685823
6927,6927,142035,2023,4,8.75,-82.75,PAN,3054.840064,200109.33840119556,65.50566779563998,8.5,-82.5,10208.0,3.0,12.0,4042.0,786.0680135476798,6.668314665963706,6.491967173444171,0.5360881931863528,0.5576964179557388,0.5360881931863528
6935,6935,143471,2023,4,9.75,-84.75,CRI,1239.93216,175167.89110074317,141.27215726120303,9.5,-84.5,10206.0,3.0,12.0,4042.0,1695.2658871344365,7.436184577138784,7.441830239122209,0.6224423519526422,0.6418478443940753,0.6224423519526422
6936,6936,143472,2023,4,9.75,-84.25,CRI,3029.80224,1836209.748915145,606.0493733462765,9.5,-84.5,10206.0,3.0,12.0,4042.0,7272.592480155318,8.892005599803108,9.271492611218745,0.7887810176801552,0.8013923374301982,0.7887810176801552
7068,7068,151388,2023,4,15.25,-86.25,HND,2981.927936,69343.35564544616,23.254537713095882,15.5,-86.5,5153.0,1.0,3.0,2022.0,69.76361313928764,4.259344929877281,3.5959011820357003,0.2728004083926371,0.2936956587278715,0.2728004083926371
7069,7069,151387,2023,4,15.25,-86.75,HND,2981.927936,141919.02836375206,47.59304430211155,15.5,-86.5,5153.0,1.0,3.0,2022.0,142.77913290633467,4.968278322840188,4.433216177244391,0.3489225723616429,0.37138818893302505,0.3489225723616429
7073,7073,152107,2023,4,15.75,-86.75,HND,1644.456832,319595.96139054094,194.3474314262455,15.5,-86.5,5153.0,1.0,3.0,2022.0,583.0422942787364,6.3699734019160665,6.126047423405998,0.5028216168425708,0.525000980135281,0.5028216168425708
7075,7075,152108,2023,4,15.75,-86.25,HND,2008.622848,218807.0078772776,108.933843949423,15.5,-86.5,5153.0,1.0,3.0,2022.0,326.80153184826895,5.792408339417386,5.423020637020976,0.4389078918835837,0.4617052015627966,0.4389078918835837
7165,7165,155733,2023,4,18.25,-73.75,HTI,2071.323392,604809.4750927142,291.99181423270204,18.5,-73.5,10228.0,3.0,2.0,4042.0,583.9836284654041,6.371583861311031,6.128017744744467,0.5030007431270118,0.5251774715608922,0.5030007431270118
7171,7171,155734,2023,4,18.25,-73.25,HTI,1564.237824,365885.9827971859,233.90687604111142,18.5,-73.5,10228.0,3.0,2.0,4042.0,467.81375208222283,6.150205572478931,5.85768593589043,0.478424278597679,0.5009164626105731,0.478424278597679
7277,7277,157120,2023,4,19.25,-100.25,MEX,2905.776896,482619.74074255466,166.0897439878862,19.5,-100.5,10258.0,3.0,16.0,4042.0,2657.4359038061793,7.885493222744465,8.00268215673313,0.6734306441473484,0.691087908223291,0.6734306441473484
7279,7279,157119,2023,4,19.25,-100.75,MEX,2917.932032,34486.75971736982,11.818904395018418,19.5,-100.5,10258.0,3.0,16.0,4042.0,189.10247032029469,5.24756324425632,4.766780400528595,0.3792476359808674,0.40199522819560085,0.3792476359808674
7282,7282,157840,2023,4,19.75,-100.25,MEX,2907.293696,518177.92491160665,178.23377308750804,19.5,-100.5,10258.0,3.0,16.0,4042.0,2851.7403694001287,7.956035344408689,8.091058512920153,0.6814651347693337,0.6988186710460547,0.6814651347693337
7284,7284,157839,2023,4,19.75,-100.75,MEX,2894.378752,248121.39385907655,85.72526787920413,19.5,-100.5,10258.0,3.0,16.0,4042.0,1371.604286067266,7.224465153059828,7.178813925556447,0.5985309553308891,0.6186453575123032,0.5985309553308891
8014,8014,174378,2023,4,31.25,-111.25,MEX,2642.213888,8131.249110153627,3.077437881574569,31.5,-111.5,10196.0,3.0,12.0,4042.0,36.92925457889483,3.6357227029607606,2.871756222800269,0.2069667834848333,0.22535244174549418,0.2069667834848333
8016,8016,174377,2023,4,31.25,-111.75,MEX,2642.213888,1533.245334047184,0.5802881216432332,31.5,-111.5,10196.0,3.0,12.0,4042.0,6.963457459718798,2.074863259787827,1.1241081130850856,0.0480842163158256,0.05429671120938537,0.0480842163158256
8019,8019,175097,2023,4,31.75,-111.75,USA,2628.101888,4477.000602540728,1.7035110484045008,31.5,-111.5,10196.0,3.0,12.0,4042.0,20.44213258085401,3.065357798646627,2.221186567881515,0.14782205273432056,0.16284573378639555,0.14782205273432056
8020,8020,175098,2023,4,31.75,-111.25,USA,2628.101888,23380.39583943561,8.896304951566478,31.5,-111.5,10196.0,3.0,12.0,4042.0,106.75565941879773,4.679866251212872,4.090890066532429,0.3178009461163215,0.33978089858831906,0.3178009461163215
8437,8437,181579,2023,4,36.25,-110.75,USA,2492.310016,3531.3320402219438,1.4168911642418822,36.5,-110.5,10204.0,4.0,12.0,4042.0,17.002693970902587,2.890521411747612,2.0242884687820855,0.12992160968648445,0.14368528598559294,0.12992160968648445
8441,8441,181580,2023,4,36.25,-110.25,USA,2492.310016,6128.802210326312,2.4590850138951224,36.5,-110.5,10204.0,4.0,12.0,4042.0,29.509020166741468,3.418022383061826,2.6220263970974025,0.18426329095348692,0.20149450410662695,0.18426329095348692
8442,8442,182300,2023,4,36.75,-110.25,USA,2476.33792,8398.740443071214,3.3915970737431564,36.5,-110.5,10204.0,4.0,12.0,4042.0,40.69916488491788,3.7304811018636395,2.980971847093913,0.21689581820657025,0.23573708414213063,0.21689581820657025
8456,8456,182299,2023,4,36.75,-110.75,USA,2476.33792,3321.588359655401,1.3413308146795253,36.5,-110.5,10204.0,4.0,12.0,4042.0,16.095969776154305,2.838842750125386,1.9663332698868825,0.12465277396945848,0.138021783576338,0.12465277396945848
8691,8691,203414,2023,4,51.25,6.75,DEU,1934.232064,3026790.3648047373,1564.8537841655473,51.5,6.5,10190.0,4.0,10.0,4042.0,15648.537841655472,9.658196664647619,10.24800776006657,0.8775581764605079,0.885359777868521,0.8775581764605079
8692,8692,203413,2023,4,51.25,6.25,DEU,1934.232064,1010332.3841500216,522.3428992592802,51.5,6.5,10190.0,4.0,10.0,4042.0,5223.428992592802,8.561100787146815,8.852534242154077,0.7506925828036495,0.7651282364476185,0.7506925828036495
8693,8693,204134,2023,4,51.75,6.75,DEU,1913.142016,990444.6226153696,517.7057501910875,51.5,6.5,10190.0,4.0,10.0,4042.0,5177.0575019108755,8.55218526529248,8.841270387631374,0.7496685607978254,0.7641511778722455,0.7496685607978254
8694,8694,204133,2023,4,51.75,6.25,DEU,1913.142016,567110.7119973423,296.4289672457553,51.5,6.5,10190.0,4.0,10.0,4042.0,2964.289672457553,7.9947300039472955,8.139572140160976,0.685875616259202,0.7030592471492861,0.685875616259202
10330,10330,82495,2023,4,-32.75,27.25,ZAF,2599.79392,285140.01507633313,109.6779298092724,-32.5,27.5,5148.0,1.5,3.0,2022.0,329.03378942781717,5.7991950414243085,5.431238748143763,0.43965501859931677,0.4624489612106001,0.43965501859931677
10345,10345,82496,2023,4,-32.75,27.75,ZAF,2590.308864,434838.2615638333,167.87120161892526,-32.5,27.5,5148.0,1.5,3.0,2022.0,503.61360485677574,6.223792997509721,5.947430072636833,0.48658311718501834,0.5089809624615813,0.48658311718501834
10347,10347,83216,2023,4,-32.25,27.75,ZAF,2614.247936,86342.21397722412,33.027553656343066,-32.5,27.5,5148.0,1.5,3.0,2022.0,99.0826609690292,4.605996454224746,4.003575033221329,0.3098629427117483,0.33168545338751887,0.3098629427117483
10348,10348,83215,2023,4,-32.25,27.25,ZAF,2614.247936,23549.033920838232,9.00795735421716,-32.5,27.5,5148.0,1.5,3.0,2022.0,27.023872062651478,3.3330567206068413,2.5250232218535555,0.17544451707068323,0.19218305487569737,0.17544451707068323
13361,13361,146051,2023,4,11.25,125.25,PHL,2113.88416,390203.50839693553,184.59077170857628,11.5,125.5,5142.0,2.0,3.0,2021.0,553.7723151257288,6.318557786557042,6.063171417677203,0.4971054196584864,0.5193663051588314,0.4971054196584864
13363,13363,146771,2023,4,11.75,125.25,PHL,2740.8768,264846.29866977566,96.62831203130898,11.5,125.5,5142.0,2.0,3.0,2021.0,289.88493609392697,5.672927780364959,5.278512718996247,0.42577035643558137,0.44861123951325466,0.42577035643558137
13567,13567,88263,2023,4,-28.75,31.25,ZAF,2710.031872,172756.87730527262,63.747175481658914,-28.5,31.5,5146.0,1.5,4.0,2022.0,254.98870192663566,5.545133310406589,5.124316043250024,0.41175199452662736,0.4346061498731737,0.41175199452662736
13569,13569,88264,2023,4,-28.75,31.75,ZAF,2540.664832,478106.33942670457,188.18158672678655,-28.5,31.5,5146.0,1.5,4.0,2022.0,752.7263469071462,6.6250293669946485,6.438764566692778,0.5312514261657184,0.5529527503122419,0.5312514261657184
13573,13573,88984,2023,4,-28.25,31.75,ZAF,2722.914048,153555.95410452815,56.39397770095464,-28.5,31.5,5146.0,1.5,4.0,2022.0,225.57591080381857,5.423080035810592,4.977407501787719,0.3983962130756409,0.42123024204133097,0.3983962130756409
13574,13574,88983,2023,4,-28.25,31.25,ZAF,2722.914048,127833.96848261887,46.94748575575268,-28.5,31.5,5146.0,1.5,4.0,2022.0,187.78994302301072,5.240634984406021,4.758481779823294,0.3784931899603611,0.40123595511997545,0.3784931899603611
13762,13762,91137,2023,4,-26.75,28.25,ZAF,2699.030528,198351.61177602087,73.48994748977545,-26.5,28.5,5156.0,1.5,6.0,2022.0,440.9396849386527,6.091173413351452,5.785777217664881,0.47188689747959456,0.49444708501937384,0.47188689747959456
13764,13764,91138,2023,4,-26.75,28.75,ZAF,2757.210368,47777.01637520247,17.328027244384156,-26.5,28.5,5156.0,1.5,6.0,2022.0,103.96816346630493,4.6536570990987585,4.059893211463986,0.3149829532491861,0.33690861839600517,0.3149829532491861
13766,13766,91857,2023,4,-26.25,28.25,ZAF,2770.003456,5485508.737233691,1980.325593223264,-26.5,28.5,5156.0,1.5,6.0,2022.0,11881.953559339583,9.3828601781228,9.896081618725734,0.845563790131084,0.8551854504800104,0.845563790131084
13767,13767,91858,2023,4,-26.25,28.75,ZAF,2772.312064,195110.59464158973,70.37829441180462,-26.5,28.5,5156.0,1.5,6.0,2022.0,422.2697664708277,6.048009721566768,5.733246298933025,0.46711119510709354,0.4897167443963544,0.46711119510709354
14309,14309,101254,2023,4,-19.75,46.75,MDG,2909.208064,277342.8484642536,95.33276491847838,-19.5,46.5,5155.0,2.0,12.0,2022.0,1143.9931790217406,7.043153958784343,6.9542388429688184,0.5781143363070917,0.598775330824877,0.5781143363070917
14310,14310,101253,2023,4,-19.75,46.25,MDG,2909.208064,142963.58376417906,49.14175288226448,-19.5,46.5,5155.0,2.0,12.0,2022.0,589.7010345871737,6.381310025771235,6.1399184021374635,0.5040826582946518,0.5262433690536686,0.5040826582946518
14322,14322,101974,2023,4,-19.25,46.75,MDG,2902.819584,286965.36948812177,98.85745950931333,-19.5,46.5,5155.0,2.0,12.0,2022.0,1186.28951411176,7.079428268923625,6.999118952488352,0.5821944866392155,0.6027506590632447,0.5821944866392155
14323,14323,101973,2023,4,-19.25,46.25,MDG,2918.237952,198327.33027442492,67.96132924613028,-19.5,46.5,5155.0,2.0,12.0,2022.0,815.5359509535633,6.705070942002823,6.53717441066585,0.5401980834236783,0.5617245651903655,0.5401980834236783
14328,14328,102696,2023,4,-18.75,47.75,MDG,2926.149376,3044623.788118613,1040.4881627337036,-18.5,47.5,5147.0,1.5,2.0,2022.0,2080.976325467407,7.641072878057145,7.697138396958678,0.6456529830349252,0.6643017034812507,0.6456529830349252
14329,14329,102695,2023,4,-18.75,47.25,MDG,2926.96192,1349754.1710952583,461.1451081315258,-18.5,47.5,5147.0,1.5,2.0,2022.0,922.2902162630515,6.827943612234896,6.688493069205877,0.5539547984029473,0.5751902711906084,0.5539547984029473
14341,14341,103415,2023,4,-18.25,47.25,MDG,2935.547904,105539.0772658012,35.95208823606416,-18.5,47.5,5147.0,1.5,2.0,2022.0,71.90417647212831,4.289145927800579,3.6308103681363795,0.27597407995421963,0.2969615719353492,0.27597407995421963
14343,14343,103416,2023,4,-18.25,47.75,MDG,2935.547904,135610.92908765774,46.19612199237943,-18.5,47.5,5147.0,1.5,2.0,2022.0,92.39224398475886,4.536808300938309,3.9219319273933593,0.30244058681899777,0.32410307295177804,0.30244058681899777
15412,15412,108432,2023,4,-14.75,35.75,MWI,2892.017152,586540.6375641713,202.81367873580695,-14.5,35.5,5149.0,1.0,4.0,2022.0,811.2547149432278,6.699813979325501,6.5307071154327465,0.5396101272650194,0.5611484507970398,0.5396101272650194
15413,15413,108431,2023,4,-14.75,35.25,MWI,2709.197568,542980.4713908097,200.42114233538607,-14.5,35.5,5149.0,1.0,4.0,2022.0,801.6845693415443,6.687961821508812,6.5161282138296786,0.5382847269740093,0.5598495641339064,0.5382847269740093
15415,15415,109152,2023,4,-14.25,35.75,MOZ,2987.556096,315899.78803887847,105.73852938253866,-14.5,35.5,5149.0,1.0,4.0,2022.0,422.95411753015463,6.049625236004191,5.735211672791968,0.467289871605194,0.4898937898077742,0.467289871605194
15429,15429,109151,2023,4,-14.25,35.25,MWI,2289.13024,490585.2708551232,214.31077283532946,-14.5,35.5,5149.0,1.0,4.0,2022.0,857.2430913413178,6.754887382601141,6.598487659064623,0.5457722068715934,0.5671839854325441,0.5457722068715934
16337,16337,129991,2023,4,0.25,15.25,COG,3090.959872,24808.839176096822,8.026257280410537,0.5,15.5,5144.0,1.5,18.0,2021.0,144.47263104738965,4.979987966150921,4.447161400338412,0.3501903635334501,0.37267145732698315,0.3501903635334501
16338,16338,129992,2023,4,0.25,15.75,COG,3090.959872,18210.722649545565,5.891607592356853,0.5,15.5,5144.0,1.5,18.0,2021.0,106.04893666242336,4.67328608189363,4.083106096532582,0.31709328813330573,0.33905977300915335,0.31709328813330573
16340,16340,130711,2023,4,0.75,15.25,COG,3090.60608,12737.9292746755,4.121498807986393,0.5,15.5,5144.0,1.5,18.0,2021.0,74.18697854375507,4.319978058299443,3.666955245674321,0.2792600909659979,0.30034048771763566,0.2792600909659979
16343,16343,130712,2023,4,0.75,15.75,COG,3090.60608,8061.502413200427,2.608388841712376,0.5,15.5,5144.0,1.5,18.0,2021.0,46.95099915082277,3.870179638460064,3.142534045997978,0.23158379616772348,0.2510467491711291,0.23158379616772348
17078,17078,135811,2023,4,4.25,45.25,SOM,3082.355968,82793.8680237908,26.8605796615736,4.5,45.5,10220.0,3.0,12.0,4042.0,322.3269559388832,5.778664058734439,5.406380711255011,0.4373951193131209,0.4601989557677648,0.4373951193131209
17081,17081,136531,2023,4,4.75,45.25,SOM,3080.243968,151877.8267520614,49.307077078922276,4.5,45.5,10220.0,3.0,12.0,4042.0,591.6849249470673,6.3846629339285155,6.144021382988828,0.5044556693871516,0.5266108167164116,0.5044556693871516
17662,17662,142984,2023,4,9.25,31.75,SSD,3050.628096,61732.37240645236,20.235954847264466,9.5,31.5,5136.0,2.0,157.0,2021.0,3177.0449110205213,8.064021478847192,8.226510526831742,0.6937793778820349,0.7106529506763839,0.6937793778820349
17893,17893,142983,2023,4,9.25,31.25,SSD,3050.628096,66178.94459540551,21.69354720169912,9.5,31.5,5136.0,2.0,157.0,2021.0,3405.8869106667617,8.133554223880461,8.313833455259687,0.7017180990491974,0.7182730951742566,0.7017180990491974
17896,17896,143704,2023,4,9.75,31.75,SSD,3046.170112,140265.96396532393,46.046661482483856,9.5,31.5,5136.0,2.0,157.0,2021.0,7229.325852749966,8.886039383673857,9.263923553331018,0.7880928978340789,0.8007384954311707,0.7880928978340789
17898,17898,143703,2023,4,9.75,31.25,SSD,3046.170112,19445.133595737127,6.383469366709198,9.5,31.5,5136.0,2.0,157.0,2021.0,1002.2046905733441,6.910954845479114,6.790890381909703,0.5632639652902349,0.5842875330916724,0.5632639652902349
17960,17960,147301,2023,4,12.25,30.25,SDN,3020.435968,36446.68017822133,12.06669519379175,12.5,30.5,10232.0,3.0,104.0,4042.0,1254.936300154342,7.135636629304396,7.068711757261714,0.5885213229270339,0.6089105744798594,0.5885213229270339
17961,17961,147302,2023,4,12.25,30.75,SDN,3020.435968,46201.67551044246,15.29635986325351,12.5,30.5,10232.0,3.0,104.0,4042.0,1590.821425778365,7.372634190375625,7.362795656796383,0.6152571427190144,0.6348833109242796,0.6152571427190144
18067,18067,145838,2023,4,11.25,18.75,TCD,3031.433984,17737.498115427847,5.851190627619436,11.5,18.5,10248.0,3.0,166.0,4042.0,971.2976441848265,6.879661975882332,6.752273693647314,0.5597532364812794,0.580858124573909,0.5597532364812794
18071,18071,145837,2023,4,11.25,18.25,TCD,3031.433984,20025.178746540623,6.605843588293237,11.5,18.5,10248.0,3.0,166.0,4042.0,1096.5700356566774,7.000853956723496,6.901935287119273,0.5733593039986726,0.5941396425918043,0.5733593039986726
18072,18072,146558,2023,4,11.75,18.75,TCD,3026.070016,55923.7268135085,18.480645364389513,11.5,18.5,10248.0,3.0,166.0,4042.0,3067.7871304886594,8.029037691017871,8.1826069763249,0.6897880086964508,0.7068190517239581,0.6897880086964508
18093,18093,146557,2023,4,11.75,18.25,TCD,3026.070016,84999.91341916723,28.089209096200644,11.5,18.5,10248.0,3.0,166.0,4042.0,4662.808709969307,8.4475877130317,8.709217856378563,0.7376633721960814,0.7526882554467097,0.7376633721960814
18170,18170,135812,2023,4,4.25,45.75,SOM,3082.355968,50798.53796215721,16.48042552175376,4.5,45.5,10220.0,3.0,12.0,4042.0,197.7651062610451,5.2921237569909865,4.820183128671491,0.3841025964812137,0.40687864745044244,0.3841025964812137
18175,18175,136532,2023,4,4.75,45.75,SOM,3080.243968,48332.23792694244,15.69104214765317,4.5,45.5,10220.0,3.0,12.0,4042.0,188.29250577183802,5.243293468270687,4.761665951820535,0.3787826701013671,0.401527300315456,0.3787826701013671
19713,19713,128742,2023,4,-0.75,110.75,IDN,3090.618112,24489.33042673332,7.923764612537584,-0.5,110.5,5154.0,1.0,6.0,2022.0,47.542587675225505,3.882441509038737,3.156745657718281,0.2328758053205837,0.2523905365561805,0.2328758053205837
19760,19760,128741,2023,4,-0.75,110.25,IDN,3090.618112,53727.37478005001,17.384022494219437,-0.5,110.5,5154.0,1.0,6.0,2022.0,104.30413496531662,4.656852686795504,4.063671531001677,0.3153264486613323,0.3372588251941572,0.3153264486613323
19764,19764,129461,2023,4,-0.25,110.25,IDN,3078.939648,115610.89942645592,37.54893328342885,-0.5,110.5,5154.0,1.0,6.0,2022.0,225.2935997005731,5.421833269873534,4.9759086845944775,0.39825995227917066,0.42109360804837037,0.39825995227917066
19773,19773,129462,2023,4,-0.25,110.75,IDN,3090.959872,107577.8042492268,34.8040119264372,-0.5,110.5,5154.0,1.0,6.0,2022.0,208.8240715586232,5.346269425122324,4.885138914575938,0.3900078710954842,0.4128125109114239,0.3900078710954842
19907,19907,133038,2023,4,2.25,98.75,IDN,2876.613632,299161.04462808813,103.9976454606776,2.5,98.5,5138.0,1.0,8.0,2021.0,831.9811636854208,6.72501102928863,6.561710404893546,0.5424287050970399,0.5639098139727247,0.5424287050970399
19909,19909,133037,2023,4,2.25,98.25,IDN,2546.545152,188184.34228434716,73.89790129444646,2.5,98.5,5138.0,1.0,8.0,2021.0,591.1832103555716,6.3838160639578705,6.142985039194904,0.5043614530735052,0.5265180076155465,0.5043614530735052
19917,19917,133757,2023,4,2.75,98.25,IDN,3087.311872,323423.6714904729,104.75898934076749,2.5,98.5,5138.0,1.0,8.0,2021.0,838.0719147261399,6.732296417604557,6.570676949524834,0.5432438735635836,0.5647082250186846,0.5432438735635836
19919,19919,133758,2023,4,2.75,98.75,IDN,2544.451072,287151.10966495937,112.85385395100236,2.5,98.5,5138.0,1.0,8.0,2021.0,902.8308316080189,6.806642209703608,6.662238818218528,0.5515679661952614,0.5728558348726104,0.5515679661952614
19942,19942,135915,2023,4,4.25,97.25,IDN,3082.355968,83131.0091665763,26.969957405833377,4.5,97.5,10186.0,2.0,4.0,4042.0,107.8798296233335,4.690244793530574,4.1031697203981645,0.31891731669417933,0.34091829064871215,0.31891731669417933
19948,19948,135916,2023,4,4.25,97.75,IDN,3082.355968,221185.2762123422,71.75851151152384,4.5,97.5,10186.0,2.0,4.0,4042.0,287.03404604609534,5.663078688586883,5.266615245223221,0.4246887306978965,0.44753187032560304,0.4246887306978965
19950,19950,136635,2023,4,4.75,97.25,IDN,3080.243968,131641.93556051518,42.73750291474158,4.5,97.5,10186.0,2.0,4.0,4042.0,170.95001165896633,5.147203804682672,4.64668784897712,0.36832975566943316,0.3909967636461169,0.36832975566943316
20016,20016,136636,2023,4,4.75,97.75,IDN,2607.94496,226695.58210406735,86.92498713779119,4.5,97.5,10186.0,2.0,4.0,4042.0,347.69994855116477,5.8542118061369,5.49789787898666,0.445715148081161,0.4684782887844622,0.445715148081161
20172,20172,150337,2023,4,14.25,108.25,VNM,2995.68,297314.16137185507,99.24763705464372,14.5,108.5,5133.0,1.5,7.0,2021.0,694.733459382506,6.544966626328941,6.340458162479236,0.5223141728457996,0.5441786158741942,0.5223141728457996
20173,20173,151057,2023,4,14.75,108.25,VNM,2988.923904,81685.92515260677,27.329543265818373,14.5,108.5,5133.0,1.5,7.0,2021.0,191.30680286072862,5.259092028259849,4.78059214103783,0.3805032919547334,0.4032586760855068,0.3805032919547334
20182,20182,150338,2023,4,14.25,108.75,VNM,2995.68,239942.0740283162,80.09602962543269,14.5,108.5,5133.0,1.5,7.0,2021.0,560.6722073780288,6.3309184188377,6.07828212827777,0.49847916788538627,0.5207209159111987,0.49847916788538627
20389,20389,150274,2023,4,14.25,76.75,IND,2994.848768,575762.0926677788,192.25080705904242,14.5,76.5,10210.0,3.0,16.0,4042.0,3076.0129129446786,8.03171457191534,8.185965642519516,0.6900933524920915,0.7071124130637493,0.6900933524920915
20392,20392,150273,2023,4,14.25,76.25,IND,2995.68,860690.1749187724,287.3104520238385,14.5,76.5,10210.0,3.0,16.0,4042.0,4596.967232381416,8.433369578803914,8.6912814132731,0.7360327303576958,0.7511300796943496,0.7360327303576958
20394,20394,150993,2023,4,14.75,76.25,IND,2988.923904,619538.1054892102,207.27797876021475,14.5,76.5,10210.0,3.0,16.0,4042.0,3316.447660163436,8.106950989190704,8.280414053544758,0.6986798670915148,0.7153576271836031,0.6986798670915148
20395,20395,150994,2023,4,14.75,76.75,IND,2985.599488,587861.8016211332,196.89908307658888,14.5,76.5,10210.0,3.0,16.0,4042.0,3150.385329225422,8.055597422197385,8.215936701733156,0.6928180879821286,0.7097297521330347,0.6928180879821286
20561,20561,140046,2023,4,7.25,2.75,BEN,3066.156032,555051.966111334,181.02534910765235,7.5,2.5,10230.0,2.0,10.0,4042.0,1810.2534910765235,7.501774421073489,7.523478370774952,0.6298651647542737,0.6490358834702865,0.6298651647542737
20562,20562,140045,2023,4,7.25,2.25,BEN,3066.156032,839848.5685244086,273.90927263952386,7.5,2.5,10230.0,2.0,10.0,4042.0,2739.0927263952385,7.915747040559584,8.040574147818633,0.6768754891280644,0.6944034462946445,0.6768754891280644
20565,20565,140765,2023,4,7.75,2.25,BEN,3062.640128,257490.03562939828,84.07453205987585,7.5,2.5,10230.0,2.0,10.0,4042.0,840.7453205987586,6.735477498891498,6.574592419986459,0.5435998376705221,0.5650568420487526,0.5435998376705221
20566,20566,140766,2023,4,7.75,2.75,NGA,3062.640128,172925.16574686696,56.46277672845373,7.5,2.5,10230.0,2.0,10.0,4042.0,564.6277672845373,6.3379362068789735,6.086862712524139,0.4992592478370049,0.5214900004469,0.4992592478370049
20913,20913,147259,2023,4,12.25,9.25,NGA,3020.435968,776744.1984467407,257.16294160046925,12.5,9.5,10214.0,2.0,14.0,4042.0,3600.2811824065693,8.189044945134336,8.383580053192308,0.7080589170143456,0.724354363992903,0.7080589170143456
20914,20914,147260,2023,4,12.25,9.75,NGA,3020.435968,956332.2462013364,316.6205992556027,12.5,9.5,10214.0,2.0,14.0,4042.0,4432.688389578438,8.39698711020971,8.645399253404724,0.7318614814051053,0.7471428982916234,0.7318614814051053
20917,20917,147980,2023,4,12.75,9.75,NGA,3014.586112,413941.95472318976,137.3130304937827,12.5,9.5,10214.0,2.0,14.0,4042.0,1922.3824269129577,7.561840595766308,7.598318731648683,0.6366690680099532,0.6556185795852572,0.6366690680099532
21068,21068,147979,2023,4,12.75,9.25,NGA,3014.586112,646813.1112872872,214.5611660295764,12.5,9.5,10214.0,2.0,14.0,4042.0,3003.8563244140696,8.00798503365125,8.156196589178558,0.687386981804131,0.7045118755708939,0.687386981804131
21078,21078,148688,2023,4,13.25,3.75,NER,3008.514048,281126.1536050871,93.44352365313837,13.5,3.5,10224.0,3.0,36.0,4042.0,3363.9668515129815,8.121173391068341,8.298278975024646,0.7003040067402339,0.7169162706308387,0.7003040067402339
21085,21085,149408,2023,4,13.75,3.75,NER,3002.208,171187.41551891432,57.02050474814347,13.5,3.5,10224.0,3.0,36.0,4042.0,2052.738170933165,7.627416909594496,7.680098479362151,0.6441038463196823,0.6628051358871772,0.6441038463196823
21143,21143,148687,2023,4,13.25,3.25,NER,3008.514048,335082.31789772725,111.37801338188308,13.5,3.5,10224.0,3.0,36.0,4042.0,4009.608481747791,8.296698249873339,8.51903667079595,0.7203735786589056,0.7361521685724894,0.7203735786589056
21160,21160,149407,2023,4,13.75,3.25,NER,3002.208,246201.3692168398,82.0067660924359,13.5,3.5,10224.0,3.0,36.0,4042.0,2952.2435793276923,7.9906593637223775,8.134467348281015,0.6854115283033699,0.7026131427031308,0.6854115283033699
21461,21461,148022,2023,4,12.75,30.75,SDN,3012.910848,227701.3020609177,75.57518743445996,12.5,30.5,10232.0,3.0,104.0,4042.0,7859.819493183836,8.969646141207747,9.370041831314461,0.7977403459306591,0.8099010212756776,0.7977403459306591
21463,21463,148021,2023,4,12.75,30.25,SDN,3014.586112,163486.28525391704,54.23175161695863,12.5,30.5,10232.0,3.0,104.0,4042.0,5640.102168163698,8.637834745287305,8.949532485262768,0.7595109082951033,0.7735375671686261,0.7595109082951033
22660,22660,166094,2023,4,25.25,66.75,PAK,1963.253248,241191.32192063384,122.85288317558604,25.5,66.5,10246.0,3.0,2.0,4042.0,245.7057663511721,5.50819639720285,5.079819666437823,0.40770673018631665,0.43055820647926346,0.40770673018631665
22676,22676,166814,2023,4,25.75,66.75,PAK,2781.812736,74613.91388254857,26.82204769463985,25.5,66.5,10246.0,3.0,2.0,4042.0,53.6440953892797,4.000841164673371,3.294221386042096,0.2453740288005247,0.26536604160783056,0.2453740288005247
22678,22678,166813,2023,4,25.75,66.25,PAK,2638.742784,31403.467175076035,11.900920152388766,25.5,66.5,10246.0,3.0,2.0,4042.0,23.80184030477753,3.210917856255623,2.3860531523480275,0.16281043971841114,0.17879776719983997,0.16281043971841114
25680,25680,177629,2023,4,33.25,74.25,IND,2584.608,848376.9158298008,328.24200645892944,33.5,74.5,10202.0,3.0,4.0,4042.0,1312.9680258357178,7.180806865290134,7.124681326101214,0.5936096406101694,0.6138608137527322,0.5936096406101694
25702,25702,178349,2023,4,33.75,74.25,IND,2569.715968,961953.8411755178,374.3424772054488,33.5,74.5,10202.0,3.0,4.0,4042.0,1497.3699088217952,7.312133068721739,7.287622203293455,0.6084229572733805,0.628252948653016,0.6084229572733805
25703,25703,178350,2023,4,33.75,74.75,IND,2569.715968,1734726.7901451625,675.0655760197862,33.5,74.5,10202.0,3.0,4.0,4042.0,2700.262304079145,7.901474462768295,8.02269620709208,0.6752501658707452,0.6928393040322512,0.6752501658707452
25708,25708,179068,2023,4,34.25,73.75,PAK,2554.601984,802762.6656816461,314.24177649180365,34.5,73.5,10198.0,3.0,2.0,4042.0,628.4835529836073,6.444899726032054,6.2177735085654335,0.5111606387574968,0.5332122109184909,0.5111606387574968
25710,25710,179067,2023,4,34.25,73.25,PAK,2554.601984,2719541.9813120617,1064.565829959076,34.5,73.5,10198.0,3.0,2.0,4042.0,2129.131659918152,7.663939068961324,7.725678254921889,0.6482476048438732,0.6668076261040728,0.6482476048438732
25734,25734,179787,2023,4,34.75,73.25,PAK,2539.325952,917970.869365914,361.5017869773317,34.5,73.5,10198.0,3.0,2.0,4042.0,723.0035739546634,6.584796328775001,6.38934747114435,0.5267588083674765,0.5485435821616754,0.5267588083674765
25736,25736,179788,2023,4,34.75,73.75,PAK,2539.325952,219679.23619748035,86.51084592919575,34.5,73.5,10198.0,3.0,2.0,4042.0,173.0216918583915,5.159179957297212,4.661005504588777,0.36963140550773643,0.3923092389900388,0.36963140550773643
25744,25744,180502,2023,4,35.25,70.75,AFG,2523.881984,100495.98763639251,39.81802171158591,35.5,70.5,10194.0,4.0,2.0,4042.0,79.63604342317181,4.389945738426537,3.7490831863351888,0.2867265242691125,0.3080082970712616,0.2867265242691125
25749,25749,181222,2023,4,35.75,70.75,AFG,2508.204032,8896.115472871963,3.5468069420884984,35.5,70.5,10194.0,4.0,2.0,4042.0,7.093613884176997,2.091075341359416,1.1416690420076088,0.049680719326684955,0.05607340511277861,0.049680719326684955
25757,25757,180501,2023,4,35.25,70.25,AFG,2523.881984,70301.68385431156,27.854584445701068,35.5,70.5,10194.0,4.0,2.0,4042.0,55.709168891402136,4.037935906503312,3.3373845505212323,0.24929808784963212,0.2694312815565796,0.24929808784963212
26063,26063,181221,2023,4,35.75,70.25,AFG,2508.204032,21243.038591389024,8.469422072673321,35.5,70.5,10194.0,4.0,2.0,4042.0,16.938844145346643,2.886968425644575,2.0203003243607003,0.12955903862862217,0.1432959116341112,0.12955903862862217
26814,26814,181890,2023,4,36.25,44.75,IRQ,2417.404416,260590.3247177344,107.79757122679733,36.5,44.5,5143.0,1.5,3.0,2021.0,323.392713680392,5.781954861077763,5.410364427758687,0.43775728781916,0.4605595972088308,0.43775728781916
26815,26815,181889,2023,4,36.25,44.25,IRQ,2492.310016,740474.1593125155,297.10355235057386,36.5,44.5,5143.0,1.5,3.0,2021.0,891.3106570517216,6.793814342185364,6.646432622243006,0.5501309898498479,0.5714500194680578,0.5501309898498479
26818,26818,182610,2023,4,36.75,44.75,IRQ,2476.33792,265803.93521279166,107.33750554237432,36.5,44.5,5143.0,1.5,3.0,2021.0,322.012516627123,5.777691073639413,5.405202900905127,0.4372880419609998,0.4600923256179724,0.4372880419609998
26967,26967,182609,2023,4,36.75,44.25,IRQ,2476.33792,377894.0768757913,152.60198288115353,36.5,44.5,5143.0,1.5,3.0,2021.0,457.8059486434606,6.128627350828226,5.831392147021628,0.47603385191346737,0.49855168948236106,0.47603385191346737
27696,27696,181789,2023,4,36.25,-5.75,ESP,2072.802944,75248.80070421608,36.302920604215466,36.5,-5.5,10238.0,2.0,2.0,4042.0,72.60584120843093,4.298724386830641,3.6420362904557884,0.276994653459282,0.29801128228176377,0.276994653459282
27800,27800,181790,2023,4,36.25,-5.25,ESP,1071.385472,371236.6283756853,346.5014582311653,36.5,-5.5,10238.0,2.0,2.0,4042.0,693.0029164623306,6.542476162893264,6.33740229608722,0.5220363572520368,0.5439056841606907,0.5220363572520368
27804,27804,182510,2023,4,36.75,-5.25,ESP,2476.33792,117390.48408021173,47.40487278901408,36.5,-5.5,10238.0,2.0,2.0,4042.0,94.80974557802816,4.562364408174736,3.9520728509740914,0.30518076505552616,0.326903785477244,0.30518076505552616
27811,27811,182509,2023,4,36.75,-5.75,ESP,2466.017024,119130.54557517766,48.30889017219439,36.5,-5.5,10238.0,2.0,2.0,4042.0,96.61778034438878,4.581059652486798,3.974133714115649,0.3071863670702625,0.3289526110056016,0.3071863670702625
28270,28270,194116,2023,4,44.75,37.75,RUS,1517.817472,394739.9864358621,260.070788298227,44.5,37.5,10188.0,3.0,4.0,4042.0,1040.283153192908,6.948209032775289,6.8368884129820335,0.567445748351061,0.5883702467859445,0.567445748351061
28757,28757,176301,2023,4,32.25,130.25,JPN,1509.31712,195837.98174586773,129.75270680416568,32.5,130.5,10222.0,3.0,10.0,4042.0,1297.5270680416568,7.168985876508684,7.110030452299778,0.5922776971669207,0.6125653429270185,0.5922776971669207
28758,28758,177021,2023,4,32.75,130.25,JPN,1100.155648,348366.7200843258,316.6522125461341,32.5,130.5,10222.0,3.0,10.0,4042.0,3166.5221254613407,8.060704897320493,8.22234743004816,0.6934009015167577,0.710289484075715,0.6934009015167577
28811,28811,176302,2023,4,32.25,130.75,JPN,2547.000832,185857.11253335368,72.97096655732607,32.5,130.5,10222.0,3.0,10.0,4042.0,729.7096655732606,6.594016206536783,6.400669087443568,0.5277880816245598,0.5495539953240479,0.5277880816245598
28813,28813,177022,2023,4,32.75,130.75,JPN,2318.448128,1211576.0010511307,522.5805945015004,32.5,130.5,10222.0,3.0,10.0,4042.0,5225.805945015004,8.561555652524424,8.853108952531924,0.7507448309992121,0.7651780854777813,0.7507448309992121
28863,28863,179896,2023,4,34.75,127.75,KOR,1177.093376,524555.150892014,445.6359721219041,34.5,127.5,10184.0,3.0,4.0,4042.0,1782.5438884876164,7.486357612563241,7.504280066763652,0.628119804341242,0.6473463441246456,0.628119804341242
28869,28869,179895,2023,4,34.75,127.25,KOR,1979.519872,157711.96124453822,79.67182521143097,34.5,127.5,10184.0,3.0,4.0,4042.0,318.6873008457239,5.767343333180274,5.392678171787458,0.43614939104823913,0.458958309155838,0.43614939104823913
30114,30114,152442,2023,4,15.75,80.75,IND,1164.740608,260505.145507506,223.65936562890576,15.5,80.5,5137.0,1.5,8.0,2021.0,1789.274925031246,7.490124476444087,7.508970484683256,0.6285462206409648,0.6477591574985765,0.6285462206409648
30115,30115,152441,2023,4,15.75,80.25,IND,2201.925888,1132986.5616172547,514.5434584296303,15.5,80.5,5137.0,1.5,8.0,2021.0,4116.347667437042,8.32296446499511,8.552115743418206,0.7233808705436835,0.7390307023416415,0.7233808705436835
30248,30248,157490,2023,4,19.25,84.75,IND,2289.925376,1902313.86166896,830.7318140610708,19.5,84.5,10242.0,3.0,14.0,4042.0,11630.245396854993,9.361450324633791,9.868762923332678,0.8430801869207877,0.8528391289420579,0.8430801869207877
30249,30249,157489,2023,4,19.25,84.25,IND,2917.121536,422224.7100963006,144.74018476284033,19.5,84.5,10242.0,3.0,14.0,4042.0,2026.3625866797647,7.614491008935549,7.663972601005825,0.6426378069397491,0.6613885769588738,0.6426378069397491
30250,30250,158209,2023,4,19.75,84.25,IND,2907.291904,327983.6425578218,112.81414229736107,19.5,84.5,10242.0,3.0,14.0,4042.0,1579.397992163055,7.365431988075188,7.353843289797162,0.6144432631724579,0.6340940162947353,0.6144432631724579
30265,30265,158210,2023,4,19.75,84.75,IND,2907.293952,1398800.2345732192,481.13477951238804,19.5,84.5,10242.0,3.0,14.0,4042.0,6735.886913173433,8.815353214887375,9.174289549968071,0.7799440717169829,0.7929919463786878,0.7799440717169829
30407,30407,160386,2023,4,21.25,92.75,MMR,2880.581888,60309.62518929655,20.936611953486167,21.5,92.5,10212.0,3.0,6.0,4042.0,125.61967172091701,4.841187882480468,4.282093748968282,0.3351836971110437,0.3574602544127359,0.3351836971110437
30408,30408,160385,2023,4,21.25,92.25,MMR,2538.661632,945364.9302983189,372.38713437896985,21.5,92.5,10212.0,3.0,6.0,4042.0,2234.322806273819,7.712140928955603,7.785870543349513,0.6537198193337324,0.6720901032743167,0.6537198193337324
30409,30409,161106,2023,4,21.75,92.75,MMR,2870.682112,55344.6875755045,19.279281166017345,21.5,92.5,10212.0,3.0,6.0,4042.0,115.67568699610408,4.7593981799359995,4.1850657096719415,0.32636266278206183,0.3484968609564777,0.32636266278206183
30410,30410,161105,2023,4,21.75,92.25,BGD,2866.642688,1164389.0582464524,406.18562722193457,21.5,92.5,10212.0,3.0,6.0,4042.0,2437.1137633316075,7.798979971516789,7.894414472262787,0.6635877887381463,0.6816068576043312,0.6635877887381463
30492,30492,161815,2023,4,22.25,87.25,IND,2860.583936,2393547.349652408,836.7338288976563,22.5,87.5,10244.0,3.0,12.0,4042.0,10040.805946771876,9.214512252246601,9.681456172505296,0.8260517146247314,0.8367360778789433,0.8260517146247314
30494,30494,161816,2023,4,22.25,87.75,IND,2805.732352,4464371.898764137,1591.1610013627335,22.5,87.5,10244.0,3.0,12.0,4042.0,19093.932016352803,9.857178239368011,10.50302244804235,0.9007421275466327,0.9071663145018461,0.9007421275466327
30543,30543,162535,2023,4,22.75,87.25,IND,2850.252032,1508632.815850458,529.2980406339232,22.5,87.5,10244.0,3.0,12.0,4042.0,6351.576487607078,8.756615755673911,9.099866676686538,0.7731781231845917,0.7865548651670896,0.7731781231845917
30544,30544,162536,2023,4,22.75,87.75,IND,2849.459456,3088999.6152471374,1084.0651228578622,22.5,87.5,10244.0,3.0,12.0,4042.0,13008.781474294346,9.473456774616395,10.011756694382973,0.8560800679078994,0.8651139978998822,0.8560800679078994
30549,30549,163256,2023,4,23.25,87.75,IND,2839.704064,2232327.372522612,786.1126801284221,23.5,87.5,10260.0,3.0,16.0,4042.0,12577.802882054753,9.43976836531739,9.968728701131356,0.8521682975749908,0.8614220604301465,0.8521682975749908
30550,30550,163255,2023,4,23.25,87.25,IND,2839.704064,1981231.056275438,697.6892702983567,23.5,87.5,10260.0,3.0,16.0,4042.0,11163.028324773708,9.32045213180578,9.816468761964327,0.8383260086854974,0.8483461069370785,0.8383260086854974
30551,30551,163975,2023,4,23.75,87.25,IND,2829.024,2112607.910633291,746.7621026309042,23.5,87.5,10260.0,3.0,16.0,4042.0,11948.193642094468,9.388419077433939,9.903175813077505,0.8462087390795247,0.8557946543303653,0.8462087390795247
30552,30552,163976,2023,4,23.75,87.75,IND,2829.024,2510520.990254257,887.415939297177,23.5,87.5,10260.0,3.0,16.0,4042.0,14198.655028754833,9.560972949544594,10.123613121769985,0.8662491838980163,0.8747049596623567,0.8662491838980163
30798,30798,166134,2023,4,25.25,86.75,IND,2703.825408,3570555.449002398,1320.5569555038362,25.5,86.5,10216.0,3.0,20.0,4042.0,26411.139110076725,10.181578998227621,10.919973351725364,0.9386480592913198,0.9427176314611726,0.9386480592913198
30799,30799,166133,2023,4,25.25,86.25,IND,2753.46944,3842878.523395686,1395.6496003077798,25.5,86.5,10216.0,3.0,20.0,4042.0,27912.992006155597,10.236883347694528,10.991201560730465,0.9451235738063244,0.9487784756590686,0.9451235738063244
30801,30801,166853,2023,4,25.75,86.25,IND,2674.00448,4944782.764543591,1849.2051159703333,25.5,86.5,10216.0,3.0,20.0,4042.0,36984.102319406666,10.51827047052907,11.354253965938113,0.9781294734697725,0.9796158967160674,0.9781294734697725
30802,30802,166854,2023,4,25.75,86.75,IND,2782.967296,4008118.33897682,1440.2319225014783,25.5,86.5,10216.0,3.0,20.0,4042.0,28804.638450029564,10.268326426476644,11.03171679593166,0.9488069037298015,0.952224345711561,0.9488069037298015
30840,30840,169005,2023,4,27.25,82.25,IND,2747.652096,2950674.43509398,1073.8893906508533,27.5,82.5,10252.0,3.0,22.0,4042.0,23625.566594318774,10.07012706103411,10.77655910022689,0.9256099514937423,0.9305035319663802,0.9256099514937423
30973,30973,151058,2023,4,14.75,108.75,VNM,2902.221568,360532.95820054505,124.22654499428799,14.5,108.5,5133.0,1.5,7.0,2021.0,869.5858149600159,6.769166335578631,6.616071056427296,0.5473707525381977,0.5687488263562663,0.5473707525381977
31080,31080,154643,2023,4,17.25,101.25,THA,2951.72992,78287.74713140649,26.522666115538946,17.5,101.5,10254.0,3.0,10.0,4042.0,265.2266611553895,5.58434805554914,5.171591768116249,0.4160499355650813,0.43890372253898047,0.4160499355650813
31081,31081,155364,2023,4,17.75,101.75,THA,2943.618048,138821.01446884577,47.15999569413082,17.5,101.5,10254.0,3.0,10.0,4042.0,471.5999569413082,6.158249273642579,5.867490029284441,0.4793155904805151,0.5017979777173819,0.4793155904805151
31082,31082,155363,2023,4,17.75,101.25,LAO,2943.618048,76560.88015101985,26.00910814602393,17.5,101.5,10254.0,3.0,10.0,4042.0,260.0910814602393,5.564869317558466,5.148104447005844,0.4139146510915084,0.43676903336405837,0.4139146510915084
31090,31090,154644,2023,4,17.25,101.75,THA,2951.72992,198645.24213334356,67.29790581021165,17.5,101.5,10254.0,3.0,10.0,4042.0,672.9790581021165,6.5131990393644825,6.301487979325074,0.5187713070319324,0.5406971827321244,0.5187713070319324
31482,31482,163276,2023,4,23.25,97.75,MMR,2839.704064,153060.01085208447,53.89998654876893,23.5,97.5,10200.0,3.0,8.0,4042.0,431.19989239015143,6.068888195091152,5.758650661973712,0.469420762115898,0.49200483161446573,0.469420762115898
31484,31484,163275,2023,4,23.25,97.25,MMR,2839.704064,78541.96155148426,27.65850235846416,23.5,97.5,10200.0,3.0,8.0,4042.0,221.26801886771327,5.403883945877996,4.9543348166010155,0.3962986240738462,0.41912652847428356,0.3962986240738462
31487,31487,163996,2023,4,23.75,97.75,MMR,2829.024,365430.0418687862,129.1717715610706,23.5,97.5,10200.0,3.0,8.0,4042.0,1033.374172488565,6.941551858554052,6.8286667734616,0.5666983008608694,0.5876406821831224,0.5666983008608694
31489,31489,163995,2023,4,23.75,97.25,MMR,2829.024,43357.29861240521,15.325885751554322,23.5,97.5,10200.0,3.0,8.0,4042.0,122.60708601243458,4.817107873577968,4.2535086822153385,0.3325849652707161,0.35482130858571137,0.3325849652707161
31882,31882,169006,2023,4,27.25,82.75,IND,2747.652096,3028924.480049486,1102.3682672413145,27.5,82.5,10252.0,3.0,22.0,4042.0,24252.101879308917,10.096299800734338,10.810222228725234,0.9286703411940628,0.9333718216955648,0.9286703411940628
31883,31883,169726,2023,4,27.75,82.75,NPL,2734.428928,699769.8699706328,255.91079102664938,27.5,82.5,10252.0,3.0,22.0,4042.0,5630.037402586287,8.636048967496151,8.94727404036469,0.7593055880585969,0.7733418624714625,0.7593055880585969
31886,31886,169725,2023,4,27.75,82.25,IND,2735.190016,913379.1504873302,333.93626956238865,27.5,82.5,10252.0,3.0,22.0,4042.0,7346.59793037255,8.902128726597928,9.284336611548046,0.7899486942471338,0.8025017383162112,0.7899486942471338
31894,31894,170449,2023,4,28.25,84.25,NPL,2722.505984,356728.9503332173,131.02962947728724,28.5,84.5,10180.0,3.0,6.0,4042.0,786.1777768637235,6.668454114729445,6.492138632923998,0.5361037809480819,0.5577117002481965,0.5361037809480819
31895,31895,170450,2023,4,28.25,84.75,NPL,2722.505984,170329.74811501635,62.56358998512172,28.5,84.5,10180.0,3.0,6.0,4042.0,375.38153991073034,5.930603362700701,5.590568103005979,0.4541400037546043,0.47685009546568924,0.4541400037546043
31898,31898,171169,2023,4,28.75,84.25,NPL,2709.654016,2897.975406544676,1.069500161065831,28.5,84.5,10180.0,3.0,6.0,4042.0,6.417000966394986,2.003774793049004,1.0472828471175546,0.041099860934150745,0.0465060740294084,0.041099860934150745
31899,31899,171170,2023,4,28.75,84.75,CHN,2709.654016,7039.683064533361,2.598000712624324,28.5,84.5,10180.0,3.0,6.0,4042.0,15.588004275745943,2.8086798001454922,1.9325598695434223,0.12158235921103774,0.13471620377765575,0.12158235921103774
31985,31985,171877,2023,4,29.25,78.25,IND,2695.819776,2518933.56310029,934.3850006315445,29.5,78.5,5135.0,1.5,8.0,2021.0,7475.080005052356,8.919463870103579,9.306334753582222,0.7919485941468384,0.8044015094001977,0.7919485941468384
31986,31986,171878,2023,4,29.25,78.75,IND,2691.327488,2647492.092853121,983.7123518626661,29.5,78.5,5135.0,1.5,8.0,2021.0,7869.698814901329,8.97090213224723,9.371636827984158,0.7978853506167276,0.8100386662543755,0.7978853506167276
32012,32012,172597,2023,4,29.75,78.25,IND,2683.271936,2115931.892323343,788.5640899586194,29.5,78.5,5135.0,1.5,8.0,2021.0,6308.5127196689555,8.749813729046073,9.091251723301266,0.7723949186583003,0.7858094260828465,0.7723949186583003
32013,32013,172598,2023,4,29.75,78.75,IND,2655.642624,338807.633862648,127.58028162401116,29.5,78.5,5135.0,1.5,8.0,2021.0,1020.6422529920893,6.92916666348725,6.813373288381736,0.5653079362005341,0.5862833795770163,0.5653079362005341
32384,32384,177630,2023,4,33.25,74.75,IND,2584.608,502169.30653071136,194.2922510998617,33.5,74.5,10202.0,3.0,4.0,4042.0,777.1690043994467,6.656943729892724,6.477987333495584,0.5348172549194924,0.5564502687364681,0.5348172549194924
33236,33236,179147,2023,4,34.25,113.25,CHN,2553.184,1954143.142758401,765.3749760136367,34.5,113.5,10192.0,4.0,18.0,4042.0,13776.749568245461,9.530810219782802,10.085048799870874,0.8627432158313318,0.8713994039975378,0.8627432158313318
33237,33237,179148,2023,4,34.25,113.75,CHN,2554.601984,2828487.533762096,1107.2126113881918,34.5,113.5,10192.0,4.0,18.0,4042.0,19929.82700498745,9.900022907829491,10.558005942870503,0.90574079905359,0.9118616931250217,0.90574079905359
33239,33239,179867,2023,4,34.75,113.25,CHN,2539.325952,2250271.30944064,886.1687518564926,34.5,113.5,10192.0,4.0,18.0,4042.0,15951.037533416866,9.677341845096098,10.272519527035744,0.8797865955800442,0.887457912227886,0.8797865955800442
33261,33261,179868,2023,4,34.75,113.75,CHN,2539.325952,6284094.308259798,2474.7095989431286,34.5,113.5,10192.0,4.0,18.0,4042.0,44544.77278097632,10.704272541325654,11.594821480864848,1.0,1.0,1.0
33304,33304,180580,2023,4,35.25,109.75,CHN,2523.881984,720391.4785949715,285.4299381515659,35.5,109.5,5132.0,2.0,9.0,2021.0,2568.869443364093,7.851610376351455,7.960263712331354,0.6695742892527877,0.687374662249895,0.6695742892527877
33306,33306,180579,2023,4,35.25,109.25,CHN,2523.881984,599223.2523333954,237.4212645964176,35.5,109.5,5132.0,2.0,9.0,2021.0,2136.7913813677583,7.667528510288898,7.730159168290704,0.6486549746200551,0.6672009956103344,0.6486549746200551
33309,33309,181300,2023,4,35.75,109.75,CHN,2508.204032,129020.2496545443,51.43929600960959,35.5,109.5,5132.0,2.0,9.0,2021.0,462.95366408648636,6.139784685357153,5.8449864777604015,0.4772697426827327,0.49977442995206134,0.4772697426827327
33310,33310,181299,2023,4,35.75,109.25,CHN,2508.204032,357488.52754703944,142.5276903258879,35.5,109.5,5132.0,2.0,9.0,2021.0,1282.7492129329912,7.157540148142671,7.0958471812563975,0.590988264527879,0.6113109971653102,0.590988264527879
38770,38770,175868,2023,4,32.25,-86.25,USA,2613.767936,289965.4688266081,110.93772512580401,32.5,-86.5,10256.0,3.0,6.0,4042.0,665.626350754824,6.502229695177591,6.28803638193686,0.5175483924682496,0.5394950442618106,0.5175483924682496
38772,38772,175867,2023,4,32.25,-86.75,USA,2613.767936,21409.00839676471,8.190860443994945,32.5,-86.5,10256.0,3.0,6.0,4042.0,49.14516266396967,3.9149220524070745,3.1944144751148933,0.236300361086086,0.2559501031131707,0.236300361086086
38773,38773,176588,2023,4,32.75,-86.25,USA,2599.332096,83826.11342518126,32.24909720238428,32.5,-86.5,10256.0,3.0,6.0,4042.0,193.49458321430566,5.270404312872774,4.794147716193817,0.3817356593679804,0.4044983976484957,0.3817356593679804
38775,38775,176587,2023,4,32.75,-86.75,USA,2599.332096,55101.89662708528,21.19848276096741,32.5,-86.5,10256.0,3.0,6.0,4042.0,127.19089656580445,4.853520532338156,4.2967396802810365,0.3365151912216805,0.358811798550858,0.3365151912216805
38884,38884,177305,2023,4,33.25,-87.75,USA,2584.608,170667.0687940885,66.0320902798755,33.5,-87.5,10250.0,2.0,4.0,4042.0,264.128361119502,5.580214090294358,5.166606315793276,0.41559669703315416,0.4384506782563832,0.41559669703315416
38885,38885,177306,2023,4,33.25,-87.25,USA,2584.608,94534.58967476604,36.5759874127009,33.5,-87.5,10250.0,2.0,4.0,4042.0,146.3039496508036,4.992498136760181,4.462063931824275,0.35154518573514426,0.37404245609439823,0.35154518573514426
38888,38888,178026,2023,4,33.75,-87.25,USA,2569.715968,71383.36949855254,27.778700209467093,33.5,-87.5,10250.0,2.0,4.0,4042.0,111.11480083786837,4.71952335381459,4.137827376650461,0.32206812111917493,0.3441269495323378,0.32206812111917493
38889,38889,178025,2023,4,33.75,-87.75,USA,2569.715968,30838.98959848269,12.000933170246265,33.5,-87.5,10250.0,2.0,4.0,4042.0,48.00373268098506,3.8918964723722542,3.1677073795152024,0.23387235976996376,0.25342671291868446,0.23387235976996376
38959,38959,180188,2023,4,35.25,-86.25,USA,2523.881984,113343.16363615524,44.908266057877306,35.5,-86.5,10234.0,4.0,4.0,4042.0,179.63306423150922,5.196467704134493,4.705606669785796,0.37368619639260525,0.39639563049902093,0.37368619639260525
38961,38961,180187,2023,4,35.25,-86.75,USA,2523.881984,63383.79750626807,25.113613833010373,35.5,-86.5,10234.0,4.0,4.0,4042.0,100.45445533204149,4.619609981838241,4.019655005289257,0.3113248086491507,0.3331773698578233,0.3113248086491507
38984,38984,180908,2023,4,35.75,-86.25,USA,2508.204032,292269.48919869174,116.52540442080421,35.5,-86.5,10234.0,4.0,4.0,4042.0,466.10161768321683,6.1465468307502285,5.853226927647056,0.478018900265052,0.5005154984225525,0.478018900265052
38987,38987,180907,2023,4,35.75,-86.75,USA,2508.204032,336415.2935246142,134.12596791671777,35.5,-86.5,10234.0,4.0,4.0,4042.0,536.5038716668711,6.286935963077031,6.024528819162944,0.4935923352910463,0.5159008463438715,0.4935923352910463
45678,45678,184437,2023,4,38.25,-121.75,USA,2392.550912,306343.7566439159,128.0406427748008,38.5,-121.5,5134.0,2.0,2.0,2021.0,256.0812855496016,5.549392321072509,5.129448777952686,0.41221862282646815,0.4350728979740399,0.41221862282646815
45681,45681,184438,2023,4,38.25,-121.25,USA,2425.675264,709763.6210515716,292.60455081738905,38.5,-121.5,5134.0,2.0,2.0,2021.0,585.2091016347781,6.373676554657073,6.13057813767865,0.5032335141294139,0.5254068113586946,0.5032335141294139
45709,45709,185158,2023,4,38.75,-121.25,USA,2394.166528,1538622.8833936686,642.6549136826244,38.5,-121.5,5134.0,2.0,2.0,2021.0,1285.3098273652488,7.159532799081333,7.098316248849832,0.5912127329409296,0.6115293732423538,0.5912127329409296
45712,45712,185157,2023,4,38.75,-121.75,USA,2410.242048,350913.8100104192,145.5927674573617,38.5,-121.5,5134.0,2.0,2.0,2021.0,291.1855349147234,5.677388994034845,5.283902501912564,0.4262603535588396,0.4491001471895467,0.4262603535588396
46027,46027,197395,2023,4,47.25,-122.75,USA,1645.393664,489360.295725762,297.4122888841767,47.5,-122.5,5141.0,2.0,5.0,2021.0,1487.0614444208834,7.305229507834097,7.2790487311858705,0.6076435239020785,0.6274963823548133,0.6076435239020785
46028,46028,197396,2023,4,47.25,-122.25,USA,1915.433984,1320883.6495496717,689.6001953516931,47.5,-122.5,5141.0,2.0,5.0,2021.0,3448.000976758465,8.145839896137284,8.329270931204903,0.7031215542385749,0.7196194910026639,0.7031215542385749
46042,46042,198116,2023,4,47.75,-122.25,USA,1533.293696,1896732.16406952,1237.031215231397,47.5,-122.5,5141.0,2.0,5.0,2021.0,6185.156076156985,8.730069183472638,9.066248847785051,0.7701218517711277,0.7836456068600844,0.7701218517711277
46043,46043,198115,2023,4,47.75,-122.75,USA,1578.460672,247284.78004628728,156.66198368627286,47.5,-122.5,5141.0,2.0,5.0,2021.0,783.3099184313643,6.664804246359957,6.4876510594008305,0.5356958056824909,0.5573117084981165,0.5356958056824909
51632,51632,193340,2023,4,44.25,9.75,ITA,1749.435136,244620.67545087496,139.82837683835965,44.5,9.5,10262.0,3.0,4.0,4042.0,559.3135073534386,6.328496461640002,6.0753210640961735,0.4982099709709108,0.5204554918465326,0.4982099709709108
51633,51633,193339,2023,4,44.25,9.25,ITA,838.896448,208983.86203883897,249.11759077902184,44.5,9.5,10262.0,3.0,4.0,4042.0,996.4703631160874,6.905222437160816,6.783814926845167,0.5626207199719737,0.5836593142620355,0.5626207199719737
51636,51636,194060,2023,4,44.75,9.75,ITA,2194.757888,135145.98967884982,61.576718971040236,44.5,9.5,10262.0,3.0,4.0,4042.0,246.30687588416095,5.510629977958728,5.0827503033144685,0.40797316088698987,0.4308249043781909,0.40797316088698987
51638,51638,194059,2023,4,44.75,9.25,ITA,2194.757888,83953.55363269727,38.25185187474185,44.5,9.5,10262.0,3.0,4.0,4042.0,153.0074074989674,5.037000701899476,4.515109777770407,0.3563677012831665,0.37891952482978564,0.3563677012831665
52143,52143,189061,2023,4,41.25,30.25,TUR,721.478912,53996.48664678656,74.84139279567268,41.5,30.5,10226.0,4.0,12.0,4042.0,898.0967135480721,6.801390607715525,6.655767525462851,0.5509796466129562,0.5722803079611478,0.5509796466129562
